,county_fips_code,county_name,date,confirmed_cases,deaths,total_pop,male_pop,female_pop,median_income,median_rent,poverty,employed_pop,unemployed_pop,worked_at_home,walked_to_work,different_house_year_ago_different_city,different_house_year_ago_same_city
2537,48195,Hansford ,2021-01-19,673,17,5532.0,2760.0,2772.0,40678.0,571.0,1017.0,2394.0,94.0,18.0,70.0,374.0,350.0
2538,48433,Stonewall ,2021-01-19,134,4,1084.0,555.0,529.0,46786.0,375.0,143.0,442.0,11.0,7.0,0.0,62.0,81.0
2539,48079,Cochran ,2021-01-19,216,12,2932.0,1492.0,1440.0,37500.0,313.0,717.0,1189.0,103.0,23.0,12.0,251.0,233.0
2540,48105,Crockett ,2021-01-19,472,13,3836.0,1903.0,1933.0,52310.0,408.0,787.0,1733.0,43.0,60.0,0.0,206.0,405.0
2541,48307,McCulloch ,2021-01-19,467,12,8145.0,4171.0,3974.0,42367.0,471.0,1296.0,3658.0,122.0,61.0,104.0,829.0,634.0
2542,48421,Sherman ,2021-01-19,118,11,3067.0,1590.0,1477.0,54961.0,493.0,448.0,1604.0,24.0,38.0,72.0,72.0,109.0
2543,48269,King ,2021-01-19,11,0,289.0,150.0,139.0,56964.0,475.0,10.0,173.0,11.0,7.0,6.0,5.0,0.0
2544,48045,Briscoe ,2021-01-19,114,3,1591.0,796.0,795.0,42500.0,429.0,220.0,729.0,48.0,78.0,17.0,111.0,44.0
2545,48445,Terry ,2021-01-19,1475,46,12755.0,6753.0,6002.0,42441.0,498.0,1590.0,4556.0,474.0,120.0,48.0,1585.0,1221.0
2546,48101,Cottle ,2021-01-19,176,7,1498.0,758.0,740.0,33534.0,190.0,364.0,651.0,78.0,10.0,52.0,135.0,125.0
2547,48435,Sutton ,2021-01-19,406,6,3894.0,2127.0,1767.0,60996.0,416.0,251.0,1827.0,114.0,79.0,26.0,461.0,79.0
2548,48267,Kimble ,2021-01-19,227,6,4432.0,2140.0,2292.0,41095.0,433.0,965.0,2027.0,138.0,66.0,65.0,434.0,258.0
2549,48327,Menard ,2021-01-19,180,5,2123.0,1159.0,964.0,37917.0,298.0,201.0,1014.0,55.0,37.0,19.0,171.0,165.0
2550,48247,Jim Hogg ,2021-01-19,494,11,5262.0,2623.0,2639.0,31403.0,435.0,1353.0,1646.0,337.0,0.0,9.0,262.0,278.0
2551,48301,Loving ,2021-01-19,1,0,74.0,39.0,35.0,80938.0,738.0,12.0,39.0,0.0,3.0,3.0,5.0,0.0
2552,48103,Crane ,2021-01-19,487,11,4836.0,2515.0,2321.0,63935.0,542.0,551.0,2023.0,55.0,8.0,15.0,395.0,105.0
2553,48137,Edwards ,2021-01-19,207,3,2111.0,965.0,1146.0,48462.0,356.0,147.0,888.0,48.0,138.0,16.0,54.0,6.0
2554,48271,Kinney ,2021-01-19,258,3,3631.0,2234.0,1397.0,34926.0,425.0,354.0,1351.0,119.0,100.0,1.0,393.0,166.0
2555,48495,Winkler ,2021-01-19,639,15,7777.0,3968.0,3809.0,55000.0,579.0,1378.0,3267.0,140.0,79.0,47.0,629.0,281.0
2556,48315,Marion ,2021-01-19,401,20,10140.0,5025.0,5115.0,36938.0,431.0,2225.0,3635.0,434.0,192.0,38.0,826.0,124.0
2557,48011,Armstrong ,2021-01-19,128,6,1929.0,974.0,955.0,68750.0,524.0,140.0,968.0,18.0,109.0,22.0,110.0,28.0
2558,48405,San Augustine ,2021-01-19,496,26,8403.0,4154.0,4249.0,32394.0,369.0,1982.0,2493.0,385.0,73.0,21.0,530.0,137.0
2559,48155,Foard ,2021-01-19,91,5,1414.0,749.0,665.0,50000.0,238.0,78.0,591.0,75.0,14.0,14.0,114.0,29.0
2560,48047,Brooks ,2021-01-19,685,29,7251.0,3750.0,3501.0,24794.0,409.0,2781.0,2489.0,400.0,43.0,76.0,1113.0,558.0
2561,48107,Crosby ,2021-01-19,383,22,5895.0,2918.0,2977.0,38674.0,353.0,1209.0,2519.0,209.0,32.0,53.0,561.0,401.0
2562,48425,Somervell ,2021-01-19,883,8,8650.0,4155.0,4495.0,52346.0,585.0,1805.0,3671.0,105.0,48.0,42.0,846.0,157.0
2563,48235,Irion ,2021-01-19,84,1,1592.0,853.0,739.0,63021.0,544.0,215.0,718.0,53.0,100.0,10.0,225.0,0.0
2564,48383,Reagan ,2021-01-19,358,7,3735.0,1986.0,1749.0,59760.0,533.0,667.0,1752.0,71.0,42.0,23.0,246.0,205.0
2565,48173,Glasscock ,2021-01-19,94,1,1420.0,792.0,628.0,64886.0,815.0,165.0,669.0,0.0,49.0,66.0,101.0,21.0
2566,48023,Baylor ,2021-01-19,274,9,3602.0,1740.0,1862.0,36157.0,351.0,458.0,1434.0,34.0,8.0,22.0,186.0,417.0
2567,48317,Martin ,2021-01-19,569,18,5547.0,2856.0,2691.0,71115.0,442.0,382.0,2527.0,50.0,84.0,86.0,430.0,104.0
2568,48311,McMullen ,2021-01-19,70,2,600.0,321.0,279.0,71389.0,515.0,42.0,202.0,72.0,11.0,11.0,33.0,18.0
2569,48431,Sterling ,2021-01-19,97,4,1139.0,608.0,531.0,50000.0,505.0,185.0,515.0,14.0,59.0,5.0,51.0,56.0
2570,48407,San Jacinto ,2021-01-19,634,21,27436.0,13563.0,13873.0,43421.0,523.0,4679.0,10221.0,708.0,261.0,106.0,3205.0,126.0
2571,48359,Oldham ,2021-01-19,167,2,2083.0,1208.0,875.0,62426.0,570.0,170.0,776.0,31.0,34.0,78.0,250.0,30.0
2572,48125,Dickens ,2021-01-19,136,7,2224.0,1186.0,1038.0,43088.0,292.0,345.0,747.0,132.0,37.0,52.0,232.0,119.0
2573,48333,Mills ,2021-01-19,344,16,4887.0,2275.0,2612.0,46318.0,339.0,703.0,2055.0,61.0,124.0,134.0,276.0,26.0
2574,48501,Yoakum ,2021-01-19,801,24,8481.0,4286.0,4195.0,62500.0,574.0,1043.0,3755.0,306.0,50.0,138.0,239.0,411.0
2575,48507,Zavala ,2021-01-19,1208,28,12152.0,6163.0,5989.0,25988.0,358.0,4318.0,4397.0,495.0,238.0,90.0,997.0,368.0
2576,48087,Collingsworth ,2021-01-19,237,8,3026.0,1508.0,1518.0,46348.0,467.0,445.0,1386.0,106.0,11.0,55.0,146.0,50.0
2577,48413,Schleicher ,2021-01-19,189,6,3122.0,1572.0,1550.0,63432.0,334.0,320.0,1475.0,99.0,66.0,0.0,94.0,162.0
2578,48391,Refugio ,2021-01-19,536,17,7293.0,3617.0,3676.0,50338.0,503.0,1181.0,2961.0,254.0,60.0,65.0,606.0,187.0
2579,48447,Throckmorton ,2021-01-19,56,3,1541.0,705.0,836.0,37279.0,232.0,259.0,661.0,36.0,41.0,3.0,101.0,36.0
2580,48159,Franklin ,2021-01-19,565,16,10639.0,5409.0,5230.0,43967.0,570.0,1582.0,4397.0,363.0,227.0,63.0,839.0,129.0
2581,48109,Culberson ,2021-01-19,294,4,2257.0,1162.0,1095.0,33125.0,385.0,660.0,974.0,55.0,31.0,25.0,139.0,122.0
2582,48417,Shackelford ,2021-01-19,187,1,3348.0,1677.0,1671.0,46685.0,389.0,586.0,1508.0,113.0,7.0,23.0,239.0,125.0
2583,48275,Knox ,2021-01-19,207,12,3753.0,1879.0,1874.0,46319.0,284.0,529.0,1504.0,80.0,65.0,21.0,585.0,89.0
2584,48483,Wheeler ,2021-01-19,431,9,5599.0,2871.0,2728.0,50910.0,443.0,1056.0,2551.0,150.0,47.0,66.0,580.0,148.0
2585,48379,Rains ,2021-01-19,632,20,11246.0,5722.0,5524.0,48308.0,510.0,1462.0,4601.0,279.0,159.0,96.0,1093.0,125.0
2586,48461,Upton ,2021-01-19,286,7,3575.0,1747.0,1828.0,52750.0,421.0,630.0,1398.0,16.0,37.0,18.0,150.0,125.0
2587,48283,La Salle ,2021-01-19,814,15,7418.0,4347.0,3071.0,44601.0,428.0,535.0,2716.0,155.0,85.0,41.0,714.0,436.0
2588,48403,Sabine ,2021-01-19,452,28,10429.0,5232.0,5197.0,33561.0,370.0,2057.0,3379.0,259.0,131.0,110.0,930.0,130.0
2589,48237,Jack ,2021-01-19,530,12,8839.0,4973.0,3866.0,52829.0,466.0,1395.0,3160.0,117.0,149.0,30.0,1244.0,167.0
2590,48175,Goliad ,2021-01-19,299,9,7510.0,3778.0,3732.0,56737.0,452.0,1215.0,2994.0,206.0,157.0,154.0,480.0,66.0
2591,48351,Newton ,2021-01-19,469,20,14187.0,7436.0,6751.0,40180.0,366.0,2202.0,4971.0,650.0,105.0,14.0,649.0,241.0
2592,48343,Morris ,2021-01-19,672,15,12530.0,6022.0,6508.0,40227.0,454.0,1945.0,5044.0,553.0,197.0,35.0,1077.0,258.0
2593,48211,Hemphill ,2021-01-19,451,2,4152.0,1976.0,2176.0,68679.0,603.0,363.0,1898.0,141.0,68.0,87.0,492.0,102.0
2594,48437,Swisher ,2021-01-19,682,14,7541.0,3955.0,3586.0,37883.0,451.0,1525.0,2704.0,170.0,115.0,85.0,856.0,269.0
2595,48089,Colorado ,2021-01-19,1251,17,20913.0,10487.0,10426.0,50241.0,526.0,2466.0,9491.0,281.0,330.0,93.0,934.0,265.0
2596,48153,Floyd ,2021-01-19,631,25,5953.0,2911.0,3042.0,48767.0,440.0,1076.0,2444.0,166.0,177.0,37.0,487.0,174.0
2597,48305,Lynn ,2021-01-19,571,18,5785.0,2957.0,2828.0,44922.0,469.0,1032.0,2419.0,214.0,64.0,66.0,609.0,196.0
2598,48191,Hall ,2021-01-19,353,11,3102.0,1552.0,1550.0,31324.0,342.0,673.0,1125.0,168.0,10.0,22.0,210.0,316.0
2599,48193,Hamilton ,2021-01-19,546,21,8220.0,4062.0,4158.0,46611.0,389.0,1273.0,3584.0,114.0,189.0,217.0,338.0,335.0
2600,48255,Karnes ,2021-01-19,1387,26,15051.0,8960.0,6091.0,53051.0,509.0,2377.0,5433.0,232.0,188.0,48.0,1335.0,243.0
2601,48129,Donley ,2021-01-19,289,8,3433.0,1714.0,1719.0,44429.0,393.0,468.0,1421.0,69.0,83.0,67.0,432.0,146.0
2602,48337,Montague ,2021-01-19,1713,46,19406.0,9512.0,9894.0,46592.0,544.0,2948.0,7938.0,558.0,315.0,127.0,2037.0,914.0
2603,48197,Hardeman ,2021-01-19,319,9,3990.0,1950.0,2040.0,37995.0,364.0,548.0,1695.0,121.0,0.0,9.0,240.0,158.0
2604,48151,Fisher ,2021-01-19,266,10,3875.0,1867.0,2008.0,45294.0,396.0,666.0,1728.0,102.0,60.0,56.0,257.0,127.0
2605,48357,Ochiltree ,2021-01-19,965,19,10484.0,5353.0,5131.0,50120.0,552.0,1351.0,4679.0,386.0,51.0,90.0,376.0,639.0
2606,48127,Dimmit ,2021-01-19,904,13,10822.0,5284.0,5538.0,31384.0,517.0,3237.0,3805.0,671.0,251.0,115.0,712.0,128.0
2607,48369,Parmer ,2021-01-19,1113,32,9871.0,5065.0,4806.0,50410.0,508.0,1676.0,4411.0,126.0,125.0,72.0,905.0,361.0
2608,48489,Willacy ,2021-01-19,1970,69,21839.0,11821.0,10018.0,29104.0,385.0,7157.0,6415.0,1087.0,181.0,315.0,1586.0,433.0
2609,48295,Lipscomb ,2021-01-19,248,10,3495.0,1880.0,1615.0,59583.0,525.0,361.0,1653.0,91.0,41.0,55.0,275.0,84.0
2610,48185,Grimes ,2021-01-19,1889,52,27358.0,15070.0,12288.0,49745.0,454.0,4444.0,10403.0,607.0,399.0,149.0,2916.0,760.0
2611,48077,Clay ,2021-01-19,874,13,10369.0,5184.0,5185.0,46863.0,461.0,1539.0,4373.0,337.0,191.0,108.0,1032.0,311.0
2612,48171,Gillespie ,2021-01-19,1830,32,25939.0,12655.0,13284.0,56267.0,724.0,3175.0,11800.0,620.0,724.0,513.0,1890.0,862.0
2613,48065,Carson ,2021-01-19,331,11,6033.0,2888.0,3145.0,67010.0,567.0,381.0,2896.0,57.0,92.0,6.0,629.0,78.0
2614,48145,Falls ,2021-01-19,1308,22,17289.0,8135.0,9154.0,38834.0,366.0,3917.0,5774.0,372.0,183.0,212.0,1819.0,181.0
2615,48475,Ward ,2021-01-19,953,13,11498.0,5790.0,5708.0,63333.0,592.0,1313.0,4823.0,312.0,195.0,70.0,1170.0,629.0
2616,48131,Duval ,2021-01-19,1058,32,11434.0,5891.0,5543.0,35443.0,416.0,2731.0,3950.0,622.0,238.0,121.0,1233.0,812.0
2617,48009,Archer ,2021-01-19,694,10,8793.0,4335.0,4458.0,63192.0,444.0,769.0,4344.0,133.0,200.0,41.0,551.0,260.0
2618,48177,Gonzales ,2021-01-19,1962,29,20558.0,10400.0,10158.0,47516.0,476.0,3469.0,8939.0,480.0,275.0,200.0,1482.0,1107.0
2619,48119,Delta ,2021-01-19,213,5,5172.0,2552.0,2620.0,42642.0,417.0,1168.0,1980.0,135.0,28.0,45.0,689.0,148.0
2620,48499,Wood ,2021-01-19,2553,85,43315.0,21523.0,21792.0,48038.0,556.0,5580.0,15960.0,1343.0,873.0,391.0,5344.0,736.0
2621,48415,Scurry ,2021-01-19,2270,46,17346.0,9446.0,7900.0,54565.0,616.0,1988.0,6772.0,327.0,108.0,69.0,1665.0,565.0
2622,48095,Concho ,2021-01-19,245,4,3858.0,2622.0,1236.0,46696.0,425.0,221.0,1023.0,4.0,52.0,36.0,402.0,5.0
2623,48481,Wharton ,2021-01-19,2988,84,41430.0,20355.0,21075.0,50145.0,555.0,7122.0,18767.0,1044.0,503.0,97.0,1969.0,1563.0
2624,48169,Garza ,2021-01-19,278,18,6739.0,4369.0,2370.0,53832.0,480.0,646.0,2445.0,49.0,3.0,47.0,1535.0,330.0
2625,48063,Camp ,2021-01-19,969,32,12670.0,6215.0,6455.0,41811.0,521.0,2191.0,5274.0,344.0,187.0,6.0,862.0,298.0
2626,48353,Nolan ,2021-01-19,1399,38,14990.0,7629.0,7361.0,42019.0,466.0,2445.0,6316.0,483.0,94.0,164.0,1715.0,774.0
2627,48429,Stephens ,2021-01-19,629,19,9365.0,4826.0,4539.0,45862.0,406.0,1870.0,3730.0,182.0,84.0,55.0,1206.0,386.0
2628,48229,Hudspeth ,2021-01-19,466,8,3702.0,1841.0,1861.0,26346.0,336.0,1109.0,1083.0,66.0,105.0,41.0,248.0,110.0
2629,48133,Eastland ,2021-01-19,972,23,18278.0,9337.0,8941.0,32135.0,359.0,3023.0,6910.0,419.0,47.0,175.0,1763.0,590.0
2630,48239,Jackson ,2021-01-19,1284,23,14756.0,7214.0,7542.0,58504.0,611.0,1962.0,6760.0,332.0,283.0,98.0,1331.0,672.0
2631,48455,Trinity ,2021-01-19,503,12,14481.0,6959.0,7522.0,37398.0,503.0,2643.0,4946.0,562.0,237.0,84.0,1442.0,296.0
2632,48015,Austin ,2021-01-19,1404,18,29292.0,14474.0,14818.0,62614.0,628.0,3891.0,13509.0,773.0,610.0,253.0,2972.0,532.0
2633,48031,Blanco ,2021-01-19,318,11,11089.0,5576.0,5513.0,58500.0,642.0,1180.0,5106.0,308.0,454.0,151.0,919.0,367.0
2634,48279,Lamb ,2021-01-19,1799,73,13368.0,6832.0,6536.0,43712.0,395.0,2686.0,5671.0,210.0,198.0,109.0,1524.0,780.0
2635,48161,Freestone ,2021-01-19,988,30,19646.0,10224.0,9422.0,45890.0,484.0,3122.0,7422.0,326.0,198.0,118.0,2675.0,352.0
2636,48115,Dawson ,2021-01-19,1575,59,13095.0,7274.0,5821.0,43201.0,427.0,2078.0,4968.0,355.0,139.0,110.0,1567.0,1262.0
2637,48163,Frio ,2021-01-19,2148,24,19110.0,11363.0,7747.0,37382.0,541.0,3227.0,6859.0,544.0,152.0,91.0,1272.0,408.0
2638,48233,Hutchinson ,2021-01-19,1253,57,21704.0,10838.0,10866.0,50035.0,516.0,3541.0,9149.0,501.0,131.0,94.0,1821.0,663.0
2639,48067,Cass ,2021-01-19,1499,59,30118.0,14599.0,15519.0,41432.0,420.0,5471.0,11991.0,941.0,237.0,71.0,2074.0,451.0
2640,48287,Lee ,2021-01-19,1182,34,16850.0,8476.0,8374.0,55741.0,598.0,2251.0,7894.0,372.0,518.0,122.0,1918.0,352.0
2641,48389,Reeves ,2021-01-19,1522,33,14791.0,8938.0,5853.0,49390.0,604.0,1617.0,5140.0,448.0,146.0,95.0,1634.0,281.0
2642,48147,Fannin ,2021-01-19,2439,66,33787.0,17846.0,15941.0,47875.0,520.0,4580.0,13407.0,731.0,727.0,222.0,5362.0,1021.0
2643,48227,Howard ,2021-01-19,4196,79,36491.0,20588.0,15903.0,50855.0,613.0,4344.0,14393.0,1031.0,154.0,190.0,3438.0,1941.0
2644,48091,Comal ,2021-01-19,7314,190,129100.0,63732.0,65368.0,73655.0,892.0,11827.0,59833.0,2354.0,4480.0,939.0,13391.0,4687.0
2645,48385,Real ,2021-01-19,263,12,3358.0,1553.0,1805.0,36493.0,565.0,657.0,1281.0,83.0,143.0,89.0,449.0,109.0
2646,48411,San Saba ,2021-01-19,487,15,5851.0,2949.0,2902.0,40301.0,443.0,897.0,2475.0,81.0,99.0,53.0,800.0,177.0
2647,48387,Red River ,2021-01-19,549,31,12353.0,5803.0,6550.0,35356.0,352.0,1995.0,4770.0,470.0,199.0,134.0,1045.0,550.0
2648,48123,DeWitt ,2021-01-19,1553,50,20474.0,10697.0,9777.0,50960.0,540.0,2975.0,7965.0,551.0,302.0,181.0,1737.0,814.0
2649,48261,Kenedy ,2021-01-19,30,2,564.0,280.0,284.0,24800.0,450.0,140.0,183.0,0.0,0.0,5.0,32.0,13.0
2650,48309,McLennan ,2021-01-19,21894,344,245720.0,119894.0,125826.0,46262.0,644.0,45691.0,112592.0,6057.0,4002.0,1830.0,29750.0,18120.0
2651,48181,Grayson ,2021-01-19,8983,225,126146.0,61556.0,64590.0,52683.0,654.0,17605.0,57373.0,4014.0,3299.0,1007.0,14701.0,6077.0
2652,48251,Johnson ,2021-01-19,14435,213,160173.0,79887.0,80286.0,60458.0,738.0,17201.0,72273.0,3736.0,2681.0,836.0,13308.0,3998.0
2653,48373,Polk ,2021-01-19,2492,70,46974.0,25288.0,21686.0,43267.0,485.0,8120.0,17988.0,1664.0,706.0,292.0,6117.0,770.0
2654,48259,Kendall ,2021-01-19,1890,44,40306.0,19568.0,20738.0,81023.0,956.0,2255.0,18640.0,858.0,1386.0,420.0,5766.0,847.0
2655,48097,Cooke ,2021-01-19,2806,48,39064.0,19358.0,19706.0,60027.0,601.0,5313.0,18724.0,1023.0,843.0,285.0,4711.0,1704.0
2656,48215,Hidalgo ,2021-01-19,56455,2018,839539.0,410383.0,429156.0,37097.0,541.0,263891.0,313678.0,27566.0,15026.0,3580.0,50429.0,25833.0
2657,48245,Jefferson ,2021-01-19,15937,263,254574.0,130404.0,124170.0,46315.0,651.0,46222.0,105319.0,7276.0,1631.0,710.0,22633.0,14106.0
2658,48341,Moore ,2021-01-19,2116,57,22016.0,11466.0,10550.0,52469.0,543.0,3677.0,10591.0,456.0,65.0,240.0,1399.0,1447.0
2659,48363,Palo Pinto ,2021-01-19,2298,50,28109.0,13904.0,14205.0,45067.0,545.0,5048.0,11724.0,1001.0,519.0,243.0,3242.0,2241.0
2660,48467,Van Zandt ,2021-01-19,3154,77,53607.0,26307.0,27300.0,50061.0,588.0,7489.0,22384.0,1407.0,1405.0,218.0,5285.0,969.0
2661,48477,Washington ,2021-01-19,1668,69,34667.0,17199.0,17468.0,55793.0,687.0,4298.0,14897.0,979.0,523.0,147.0,2919.0,632.0
2662,48061,Cameron ,2021-01-19,32698,1126,420201.0,203657.0,216544.0,36095.0,529.0,129912.0,153938.0,13375.0,3654.0,2034.0,16794.0,18539.0
2663,48397,Rockwall ,2021-01-19,8222,78,90414.0,44463.0,45951.0,93269.0,1094.0,5222.0,44335.0,2306.0,2575.0,213.0,9021.0,2379.0
2664,48367,Parker ,2021-01-19,11314,115,125963.0,62545.0,63418.0,70608.0,746.0,11339.0,58626.0,3417.0,2960.0,550.0,14784.0,2490.0
2665,48005,Angelina ,2021-01-19,6765,193,87700.0,42707.0,44993.0,46472.0,603.0,16222.0,36164.0,2971.0,777.0,613.0,11389.0,4035.0
2666,48463,Uvalde ,2021-01-19,2733,48,27015.0,13188.0,13827.0,40781.0,477.0,4735.0,11605.0,726.0,333.0,123.0,2125.0,1069.0
2667,48183,Gregg ,2021-01-19,8451,221,123402.0,60366.0,63036.0,47970.0,660.0,21028.0,55237.0,2772.0,1523.0,1073.0,13449.0,11368.0
2668,48457,Tyler ,2021-01-19,999,19,21456.0,11726.0,9730.0,44396.0,494.0,2947.0,6746.0,709.0,325.0,67.0,2638.0,260.0
2669,48299,Llano ,2021-01-19,805,30,20195.0,9848.0,10347.0,50524.0,593.0,2495.0,7660.0,689.0,696.0,190.0,2253.0,763.0
2670,48093,Comanche ,2021-01-19,1118,36,13492.0,6710.0,6782.0,42419.0,342.0,2407.0,5454.0,203.0,206.0,145.0,854.0,180.0
2671,48205,Hartley ,2021-01-19,317,2,5821.0,3524.0,2297.0,64427.0,640.0,347.0,2049.0,25.0,95.0,46.0,599.0,213.0
2672,48069,Castro ,2021-01-19,832,22,7891.0,3958.0,3933.0,44643.0,482.0,1232.0,3289.0,144.0,128.0,77.0,575.0,286.0
2673,48399,Runnels ,2021-01-19,1085,28,10266.0,5050.0,5216.0,41226.0,360.0,1624.0,4184.0,139.0,117.0,109.0,310.0,199.0
2674,48179,Gray ,2021-01-19,1773,40,22962.0,12143.0,10819.0,48314.0,528.0,3169.0,9498.0,492.0,70.0,135.0,2467.0,1298.0
2675,48013,Atascosa ,2021-01-19,3781,90,48139.0,24051.0,24088.0,55194.0,585.0,6961.0,20208.0,1319.0,1165.0,213.0,6205.0,1000.0
2676,48281,Lampasas ,2021-01-19,913,17,20473.0,10144.0,10329.0,54467.0,549.0,2429.0,8612.0,689.0,239.0,234.0,1809.0,357.0
2677,48203,Harrison ,2021-01-19,3575,71,66606.0,32517.0,34089.0,48644.0,574.0,11605.0,27603.0,2128.0,1022.0,169.0,4392.0,1354.0
2678,48007,Aransas ,2021-01-19,895,26,24832.0,12448.0,12384.0,44601.0,666.0,4344.0,10387.0,750.0,683.0,281.0,3101.0,788.0
2679,48139,Ellis ,2021-01-19,16403,201,164092.0,80837.0,83255.0,67371.0,761.0,17014.0,78597.0,3829.0,3850.0,672.0,14541.0,6590.0
2680,48277,Lamar ,2021-01-19,4956,112,49401.0,23876.0,25525.0,42198.0,500.0,8644.0,21134.0,1259.0,663.0,491.0,3933.0,3244.0
2681,48027,Bell ,2021-01-19,16512,214,336506.0,168147.0,168359.0,52583.0,722.0,46671.0,135361.0,12218.0,5304.0,3202.0,48168.0,25906.0
2682,48423,Smith ,2021-01-19,15406,309,222277.0,107355.0,114922.0,50742.0,714.0,35438.0,98488.0,6803.0,3332.0,938.0,22714.0,9422.0
2683,48469,Victoria ,2021-01-19,6672,134,91518.0,44790.0,46728.0,55740.0,701.0,13328.0,43077.0,2299.0,1744.0,336.0,6887.0,8004.0
2684,48257,Kaufman ,2021-01-19,11450,154,114852.0,56347.0,58505.0,63926.0,743.0,14073.0,53146.0,3674.0,1889.0,260.0,14095.0,2299.0
2685,48025,Bee ,2021-01-19,3082,53,32729.0,19883.0,12846.0,45415.0,680.0,4926.0,10125.0,680.0,263.0,259.0,4406.0,1128.0
2686,48493,Wilson ,2021-01-19,2790,41,47205.0,23703.0,23502.0,71942.0,689.0,4705.0,21002.0,1330.0,1325.0,238.0,3686.0,924.0
2687,48401,Rusk ,2021-01-19,3065,65,53026.0,27810.0,25216.0,49270.0,560.0,7576.0,20340.0,1219.0,654.0,184.0,9108.0,1030.0
2688,48377,Presidio ,2021-01-19,615,19,7191.0,3558.0,3633.0,26486.0,408.0,1893.0,2426.0,264.0,155.0,417.0,435.0,545.0
2689,48291,Liberty ,2021-01-19,5116,111,79884.0,39491.0,40393.0,48344.0,578.0,11781.0,28685.0,2413.0,606.0,278.0,12826.0,1354.0
2690,48441,Taylor ,2021-01-19,13275,263,135371.0,66258.0,69113.0,49161.0,649.0,20783.0,62872.0,2917.0,3142.0,1423.0,13584.0,17448.0
2691,48021,Bastrop ,2021-01-19,4373,57,80306.0,40845.0,39461.0,59185.0,724.0,10322.0,33500.0,2809.0,1277.0,450.0,9738.0,1235.0
2692,48135,Ector ,2021-01-19,12222,269,155744.0,78798.0,76946.0,59528.0,816.0,18882.0,72576.0,5349.0,1559.0,1183.0,13912.0,12282.0
2693,48243,Jeff Davis ,2021-01-19,116,1,2236.0,1070.0,1166.0,46534.0,628.0,145.0,911.0,49.0,101.0,47.0,173.0,23.0
2694,48059,Callahan ,2021-01-19,931,28,13660.0,6650.0,7010.0,40945.0,461.0,2109.0,5128.0,187.0,272.0,40.0,1239.0,227.0
2695,48335,Mitchell ,2021-01-19,535,21,8774.0,5417.0,3357.0,52194.0,477.0,496.0,2801.0,193.0,94.0,22.0,1902.0,449.0
2696,48003,Andrews ,2021-01-19,1606,37,17577.0,8980.0,8597.0,70753.0,737.0,2082.0,8054.0,383.0,204.0,0.0,1514.0,825.0
2697,48207,Haskell ,2021-01-19,355,17,5806.0,3247.0,2559.0,43529.0,389.0,958.0,2180.0,230.0,61.0,93.0,1150.0,76.0
2698,48395,Robertson ,2021-01-19,1069,25,16727.0,8291.0,8436.0,52189.0,385.0,2505.0,7180.0,603.0,242.0,177.0,1557.0,524.0
2699,48219,Hockley ,2021-01-19,2049,91,23273.0,11505.0,11768.0,49184.0,514.0,3354.0,10337.0,827.0,248.0,205.0,2615.0,1424.0
2700,48019,Bandera ,2021-01-19,820,20,21316.0,10570.0,10746.0,56413.0,674.0,3467.0,8682.0,523.0,644.0,159.0,3382.0,81.0
2701,48427,Starr ,2021-01-19,7460,214,63420.0,30815.0,32605.0,27133.0,366.0,21968.0,21423.0,3772.0,1067.0,913.0,2585.0,2023.0
2702,48035,Bosque ,2021-01-19,988,20,17955.0,8831.0,9124.0,48677.0,456.0,2737.0,7475.0,406.0,364.0,331.0,1991.0,524.0
2703,48051,Burleson ,2021-01-19,1093,22,17596.0,8781.0,8815.0,52510.0,551.0,2620.0,7697.0,557.0,193.0,85.0,1743.0,361.0
2704,48253,Jones ,2021-01-19,2569,35,19969.0,12658.0,7311.0,48601.0,444.0,2021.0,5057.0,220.0,139.0,135.0,4430.0,486.0
2705,48111,Dallam ,2021-01-19,466,20,7207.0,3880.0,3327.0,45580.0,562.0,1139.0,3501.0,135.0,79.0,61.0,625.0,713.0
2706,48017,Bailey ,2021-01-19,742,15,7098.0,3678.0,3420.0,43523.0,575.0,1529.0,3157.0,72.0,263.0,179.0,370.0,188.0
2707,48371,Pecos ,2021-01-19,1313,26,15804.0,9058.0,6746.0,50543.0,614.0,1580.0,6103.0,233.0,185.0,99.0,1977.0,599.0
2708,48083,Coleman ,2021-01-19,579,20,8422.0,4282.0,4140.0,40804.0,461.0,1701.0,3310.0,177.0,81.0,25.0,391.0,66.0
2709,48285,Lavaca ,2021-01-19,1862,62,19859.0,9596.0,10263.0,51708.0,517.0,2030.0,8843.0,263.0,285.0,137.0,1689.0,896.0
2710,48297,Live Oak ,2021-01-19,967,16,12043.0,6548.0,5495.0,51480.0,586.0,1703.0,4301.0,169.0,243.0,75.0,1325.0,158.0
2711,48117,Deaf Smith ,2021-01-19,2418,60,18947.0,9499.0,9448.0,51543.0,544.0,3373.0,8619.0,452.0,186.0,29.0,1102.0,885.0
2712,48075,Childress ,2021-01-19,1292,13,7064.0,3933.0,3131.0,40432.0,577.0,1124.0,2515.0,138.0,68.0,23.0,815.0,98.0
2713,48505,Zapata ,2021-01-19,1338,20,14415.0,7190.0,7225.0,34550.0,353.0,4873.0,5146.0,731.0,97.0,214.0,1334.0,489.0
2714,48217,Hill ,2021-01-19,2398,47,35098.0,17374.0,17724.0,45970.0,528.0,5967.0,14579.0,1293.0,661.0,195.0,4166.0,938.0
2715,48331,Milam ,2021-01-19,1577,19,24479.0,12194.0,12285.0,41768.0,454.0,3845.0,9527.0,551.0,439.0,53.0,2499.0,683.0
2716,48289,Leon ,2021-01-19,875,28,16966.0,8485.0,8481.0,44875.0,434.0,2741.0,6574.0,500.0,321.0,263.0,2128.0,333.0
2717,48419,Shelby ,2021-01-19,1278,45,25689.0,12740.0,12949.0,38121.0,420.0,5852.0,9432.0,755.0,260.0,158.0,2795.0,1213.0
2718,48293,Limestone ,2021-01-19,1420,34,23480.0,12071.0,11409.0,40356.0,463.0,4671.0,8824.0,1009.0,315.0,112.0,2375.0,640.0
2719,48241,Jasper ,2021-01-19,1965,48,35444.0,17420.0,18024.0,41960.0,485.0,5772.0,12541.0,1441.0,230.0,37.0,3554.0,1054.0
2720,48199,Hardin ,2021-01-19,4080,69,55993.0,27365.0,28628.0,56131.0,629.0,6669.0,24056.0,1097.0,443.0,221.0,5378.0,1136.0
2721,48053,Burnet ,2021-01-19,2196,34,45017.0,22234.0,22783.0,57173.0,664.0,5473.0,19567.0,869.0,1268.0,514.0,5191.0,533.0
2722,48213,Henderson ,2021-01-19,4434,106,79687.0,38840.0,40847.0,44888.0,572.0,14023.0,31087.0,2043.0,1230.0,367.0,8441.0,1867.0
2723,48187,Guadalupe ,2021-01-19,9123,128,150889.0,74611.0,76278.0,66187.0,827.0,15774.0,70169.0,3268.0,2843.0,512.0,14870.0,3973.0
2724,48439,Tarrant ,2021-01-19,195518,1798,1983675.0,971142.0,1012533.0,62532.0,815.0,264575.0,974947.0,55237.0,41118.0,11867.0,193741.0,128092.0
2725,48209,Hays ,2021-01-19,14460,130,194843.0,96973.0,97870.0,62815.0,888.0,28737.0,99069.0,5566.0,6293.0,1939.0,30159.0,10445.0
2726,48055,Caldwell ,2021-01-19,2738,55,40544.0,20563.0,19981.0,51346.0,623.0,6819.0,18238.0,649.0,722.0,645.0,5463.0,555.0
2727,48361,Orange ,2021-01-19,5946,81,83909.0,41505.0,42404.0,53667.0,600.0,11759.0,36743.0,2349.0,605.0,625.0,10118.0,2955.0
2728,48323,Maverick ,2021-01-19,8320,223,57471.0,28522.0,28949.0,37734.0,484.0,13973.0,21113.0,3114.0,278.0,395.0,4075.0,2150.0
2729,48449,Titus ,2021-01-19,3137,60,32664.0,16055.0,16609.0,46980.0,491.0,6193.0,14307.0,935.0,240.0,83.0,2035.0,840.0
2730,48001,Anderson ,2021-01-19,5575,75,57747.0,35292.0,22455.0,42313.0,571.0,6935.0,19102.0,850.0,674.0,92.0,6853.0,1590.0
2731,48143,Erath ,2021-01-19,3470,42,41016.0,20118.0,20898.0,47013.0,665.0,8807.0,19076.0,863.0,842.0,473.0,5378.0,2438.0
2732,48497,Wise ,2021-01-19,5384,84,63247.0,31766.0,31481.0,59081.0,699.0,8042.0,27736.0,1758.0,1552.0,268.0,7431.0,1110.0
2733,48071,Chambers ,2021-01-19,3431,13,39283.0,19679.0,19604.0,74368.0,712.0,5031.0,16713.0,1168.0,347.0,150.0,2898.0,430.0
2734,48355,Nueces ,2021-01-19,31926,517,358484.0,176836.0,181648.0,53317.0,776.0,58409.0,165116.0,10442.0,3736.0,2750.0,25333.0,38174.0
2735,48503,Young ,2021-01-19,1685,32,18166.0,8922.0,9244.0,46351.0,435.0,2939.0,8248.0,391.0,494.0,49.0,1239.0,970.0
2736,48189,Hale ,2021-01-19,5668,135,34527.0,17906.0,16621.0,46012.0,470.0,6358.0,14267.0,971.0,446.0,177.0,4032.0,2149.0
2737,48225,Houston ,2021-01-19,1360,30,22849.0,12274.0,10575.0,33552.0,460.0,4833.0,7642.0,359.0,289.0,75.0,1452.0,336.0
2738,48459,Upshur ,2021-01-19,2595,42,40506.0,20035.0,20471.0,48796.0,581.0,5513.0,16720.0,1515.0,650.0,109.0,4808.0,432.0
2739,48165,Gaines ,2021-01-19,1302,36,19889.0,10082.0,9807.0,58167.0,525.0,2180.0,8134.0,381.0,169.0,334.0,1813.0,862.0
2740,48043,Brewster ,2021-01-19,945,8,9220.0,4464.0,4756.0,38906.0,477.0,981.0,4151.0,318.0,196.0,111.0,1358.0,439.0
2741,48319,Mason ,2021-01-19,340,4,4122.0,2200.0,1922.0,40949.0,627.0,518.0,2173.0,63.0,93.0,117.0,589.0,176.0
2742,48487,Wilbarger ,2021-01-19,1707,41,12972.0,6415.0,6557.0,43913.0,443.0,2091.0,6329.0,388.0,51.0,109.0,1222.0,1708.0
2743,48365,Panola ,2021-01-19,1228,49,23574.0,11635.0,11939.0,49704.0,585.0,3510.0,9855.0,391.0,165.0,179.0,1879.0,702.0
2744,48149,Fayette ,2021-01-19,1447,43,24963.0,12188.0,12775.0,56941.0,553.0,2220.0,11626.0,182.0,355.0,221.0,1345.0,135.0
2745,48049,Brown ,2021-01-19,3382,81,37787.0,18741.0,19046.0,43062.0,521.0,5913.0,15238.0,684.0,347.0,231.0,2514.0,689.0
2746,48223,Hopkins ,2021-01-19,2518,86,35929.0,17643.0,18286.0,47832.0,559.0,6312.0,15408.0,967.0,530.0,296.0,3572.0,2889.0
2747,48273,Kleberg ,2021-01-19,1981,63,31540.0,16290.0,15250.0,41700.0,637.0,7003.0,13683.0,1466.0,250.0,934.0,3232.0,3059.0
2748,48347,Nacogdoches ,2021-01-19,3506,111,65411.0,31297.0,34114.0,41482.0,602.0,14894.0,28199.0,2670.0,776.0,1013.0,8664.0,5180.0
2749,48329,Midland ,2021-01-19,13334,202,159883.0,80338.0,79545.0,75815.0,1014.0,13714.0,80471.0,2941.0,1929.0,671.0,15416.0,12644.0
2750,48375,Potter ,2021-01-19,15947,302,121230.0,62467.0,58763.0,41852.0,614.0,24720.0,52859.0,2337.0,1176.0,876.0,7106.0,15048.0
2751,48381,Randall ,2021-01-19,15104,208,130552.0,64149.0,66403.0,65564.0,727.0,12247.0,68640.0,2654.0,2013.0,884.0,10715.0,12179.0
2752,48167,Galveston ,2021-01-19,26898,251,321184.0,158564.0,162620.0,65702.0,818.0,43721.0,149076.0,10391.0,5410.0,2948.0,35119.0,14707.0
2753,48465,Val Verde ,2021-01-19,6331,158,48976.0,24836.0,24140.0,44609.0,524.0,9849.0,18667.0,1323.0,695.0,598.0,2909.0,3376.0
2754,48231,Hunt ,2021-01-19,4557,103,90322.0,44432.0,45890.0,49319.0,643.0,16430.0,38753.0,2690.0,1371.0,773.0,11810.0,3265.0
2755,48321,Matagorda ,2021-01-19,2602,72,36744.0,18249.0,18495.0,44896.0,573.0,7464.0,16009.0,1093.0,332.0,349.0,2047.0,1440.0
2756,48471,Walker ,2021-01-19,7008,93,70818.0,41435.0,29383.0,41456.0,693.0,12653.0,24044.0,836.0,900.0,938.0,9927.0,2963.0
2757,48485,Wichita ,2021-01-19,13325,260,131778.0,68339.0,63439.0,45776.0,612.0,22027.0,55552.0,2788.0,2408.0,4607.0,14089.0,11532.0
2758,48057,Calhoun ,2021-01-19,1361,13,21821.0,10976.0,10845.0,58788.0,584.0,3409.0,9676.0,651.0,299.0,87.0,1584.0,1014.0
2759,48303,Lubbock ,2021-01-19,45600,648,298042.0,147080.0,150962.0,49078.0,697.0,53614.0,145154.0,7318.0,3626.0,2745.0,32955.0,39473.0
2760,48313,Madison ,2021-01-19,1162,21,13979.0,8649.0,5330.0,44004.0,519.0,1516.0,4249.0,138.0,138.0,304.0,2019.0,300.0
2761,48249,Jim Wells ,2021-01-19,3417,70,41318.0,20134.0,21184.0,41103.0,542.0,9382.0,16282.0,919.0,506.0,410.0,2453.0,1596.0
2762,48349,Navarro ,2021-01-19,4798,71,48239.0,23726.0,24513.0,45103.0,549.0,8913.0,20325.0,2116.0,855.0,190.0,4698.0,2166.0
2763,48073,Cherokee ,2021-01-19,3491,92,51594.0,26307.0,25287.0,44294.0,498.0,9090.0,20526.0,1325.0,546.0,403.0,4178.0,1618.0
2764,48221,Hood ,2021-01-19,5050,85,55418.0,27199.0,28219.0,60275.0,708.0,6722.0,22905.0,712.0,1015.0,123.0,5204.0,578.0
2765,48265,Kerr ,2021-01-19,3020,61,50761.0,24563.0,26198.0,48698.0,674.0,6760.0,21475.0,1374.0,953.0,390.0,6255.0,2015.0
2766,48037,Bowie ,2021-01-19,4876,139,93635.0,47173.0,46462.0,46283.0,579.0,15750.0,36668.0,2876.0,913.0,320.0,8247.0,2165.0
2767,48409,San Patricio ,2021-01-19,3450,111,66867.0,33592.0,33275.0,53332.0,670.0,10061.0,28869.0,1482.0,908.0,426.0,7758.0,2895.0
2768,48099,Coryell ,2021-01-19,4312,45,75818.0,37921.0,37897.0,50865.0,714.0,8174.0,23306.0,2568.0,1408.0,2260.0,13648.0,3490.0
2769,48451,Tom Green ,2021-01-19,11547,204,116906.0,57848.0,59058.0,49662.0,680.0,14339.0,53414.0,2114.0,2036.0,2268.0,12123.0,10035.0
2770,48325,Medina ,2021-01-19,3253,62,48548.0,25073.0,23475.0,59305.0,574.0,5850.0,20958.0,1176.0,617.0,386.0,4992.0,1204.0
2771,48473,Waller ,2021-01-19,2659,27,48443.0,24209.0,24234.0,53506.0,645.0,7853.0,21837.0,1836.0,941.0,824.0,6649.0,1286.0
2772,48479,Webb ,2021-01-19,34690,513,269624.0,131657.0,137967.0,40442.0,612.0,83702.0,102713.0,6156.0,2690.0,1699.0,4569.0,21376.0
2773,48029,Bexar ,2021-01-19,152231,2040,1892004.0,932577.0,959427.0,53999.0,786.0,304792.0,867502.0,56840.0,36333.0,14830.0,144005.0,166577.0
2774,48157,Fort Bend ,2021-01-19,44067,439,711421.0,349697.0,361724.0,93645.0,1109.0,56959.0,339159.0,19073.0,16369.0,1709.0,66499.0,11889.0
2775,48113,Dallas ,2021-01-19,234625,2453,2552213.0,1257751.0,1294462.0,53626.0,826.0,446611.0,1252101.0,78641.0,52387.0,18491.0,207212.0,186545.0
2776,48085,Collin ,2021-01-19,64721,483,914075.0,448915.0,465160.0,90124.0,1079.0,62439.0,474671.0,21074.0,39929.0,3796.0,88068.0,34209.0
2777,48041,Brazos ,2021-01-19,16634,162,214231.0,108478.0,105753.0,43907.0,735.0,51704.0,103649.0,5095.0,3415.0,2511.0,37704.0,23368.0
2778,48141,El Paso ,2021-01-19,107552,1940,834825.0,409199.0,425626.0,43244.0,676.0,177980.0,341350.0,25629.0,12184.0,6964.0,41248.0,66287.0
2779,48121,Denton ,2021-01-19,46272,439,781321.0,384390.0,396931.0,80290.0,943.0,64503.0,419189.0,19739.0,29032.0,5486.0,102132.0,39293.0
2780,48339,Montgomery ,2021-01-19,33006,326,535187.0,265034.0,270153.0,74323.0,950.0,54912.0,249640.0,12775.0,13394.0,2304.0,65405.0,10474.0
2781,48039,Brazoria ,2021-01-19,26046,277,345995.0,175156.0,170839.0,76426.0,825.0,33043.0,162270.0,8439.0,4545.0,1351.0,31467.0,8182.0
2782,48201,Harris ,2021-01-19,286356,3825,4525519.0,2251060.0,2274459.0,57791.0,827.0,751985.0,2180392.0,149192.0,79181.0,32750.0,401476.0,288879.0
2783,48453,Travis ,2021-01-19,61468,626,1176584.0,593319.0,583265.0,68350.0,1004.0,159948.0,645807.0,30087.0,53160.0,12246.0,109196.0,106143.0
2784,48491,Williamson ,2021-01-19,29796,269,508313.0,250106.0,258207.0,79123.0,1000.0,35067.0,254840.0,12800.0,19326.0,2159.0,67898.0,17289.0
2785,48345,Motley ,2021-01-19,79,7,1114.0,575.0,539.0,40598.0,339.0,136.0,513.0,45.0,31.0,20.0,191.0,67.0
2786,48033,Borden ,2021-01-19,18,0,602.0,309.0,293.0,77708.0,425.0,17.0,255.0,4.0,9.0,28.0,66.0,0.0
2787,48263,Kent ,2021-01-19,68,1,680.0,311.0,369.0,52250.0,219.0,113.0,304.0,5.0,5.0,45.0,54.0,44.0
2788,48393,Roberts ,2021-01-19,49,1,889.0,404.0,485.0,79167.0,625.0,29.0,409.0,10.0,25.0,9.0,141.0,0.0
2789,48443,Terrell ,2021-01-19,73,1,721.0,357.0,364.0,26063.0,434.0,123.0,260.0,19.0,26.0,4.0,12.0,17.0
2790,48081,Coke ,2021-01-19,417,10,3238.0,1609.0,1629.0,42500.0,351.0,516.0,1462.0,66.0,61.0,72.0,261.0,113.0
